actual,predicted,difference,abs_error,prediction_accuracy
1.0,0.9999999,1.1920928955078125e-07,1.1920928955078125e-07,0.9999998807907104
1.0,0.9999968,3.2186508178710938e-06,3.2186508178710938e-06,0.9999967813491821
1.0,1.0,0.0,0.0,1.0
1.0,1.0,0.0,0.0,1.0
1.0,0.99999994,5.960464477539063e-08,5.960464477539063e-08,0.9999999403953552
1.0,1.0,0.0,0.0,1.0
0.96,0.9999879,-0.03998790025711063,0.03998790025711063,0.9600120997428894
0.48,0.47690815,0.003091852664947492,0.003091852664947492,0.9969081473350525
0.26,0.2999621,-0.0399621033668518,0.0399621033668518,0.9600378966331482
0.57,0.55221146,0.017788536548614453,0.017788536548614453,0.9822114634513855
0.6,0.5746434,0.025356626510620095,0.025356626510620095,0.9746433734893799
1.0,1.0,0.0,0.0,1.0
1.0,0.99999994,5.960464477539063e-08,5.960464477539063e-08,0.9999999403953552
1.0,0.99999976,2.384185791015625e-07,2.384185791015625e-07,0.9999997615814209
0.08,0.079817414,0.00018258571624756026,0.00018258571624756026,0.9998174142837525
1.0,1.0,0.0,0.0,1.0
1.0,1.0,0.0,0.0,1.0
1.0,1.0,0.0,0.0,1.0
0.99,0.99999976,-0.009999761581420907,0.009999761581420907,0.9900002384185791
1.0,1.0,0.0,0.0,1.0
1.0,1.0,0.0,0.0,1.0
0.21,0.24660453,-0.03660453200340272,0.03660453200340272,0.9633954679965973
1.0,1.0,0.0,0.0,1.0
1.0,0.9999984,1.6093254089355469e-06,1.6093254089355469e-06,0.9999983906745911
1.0,0.9999999,1.1920928955078125e-07,1.1920928955078125e-07,0.9999998807907104
1.0,1.0,0.0,0.0,1.0
0.29,0.31564933,-0.025649330615997334,0.025649330615997334,0.9743506693840027
1.0,0.9999988,1.1920928955078125e-06,1.1920928955078125e-06,0.9999988079071045
0.58,0.5481984,0.03180159807205196,0.03180159807205196,0.968198401927948
0.43,0.45155072,-0.02155072212219239,0.02155072212219239,0.9784492778778076
1.0,1.0,0.0,0.0,1.0
1.0,1.0,0.0,0.0,1.0
1.0,1.0,0.0,0.0,1.0
1.0,1.0,0.0,0.0,1.0
0.11,0.14920884,-0.03920884370803833,0.03920884370803833,0.9607911562919617
1.0,0.99999994,5.960464477539063e-08,5.960464477539063e-08,0.9999999403953552
0.38,0.3979301,-0.017930085659027095,0.017930085659027095,0.9820699143409729
1.0,0.9999999,1.1920928955078125e-07,1.1920928955078125e-07,0.9999998807907104
1.0,1.0,0.0,0.0,1.0
1.0,0.9999994,5.960464477539062e-07,5.960464477539062e-07,0.9999994039535522
0.57,0.5585746,0.011425383090972852,0.011425383090972852,0.9885746169090271
0.49,0.49231142,-0.002311418056488046,0.002311418056488046,0.997688581943512
1.0,0.999996,3.993511199951172e-06,3.993511199951172e-06,0.9999960064888
0.31,0.36269698,-0.052696975469589236,0.052696975469589236,0.9473030245304108
1.0,1.0,0.0,0.0,1.0
1.0,0.99999994,5.960464477539063e-08,5.960464477539063e-08,0.9999999403953552
0.76,0.7268137,0.03318632602691651,0.03318632602691651,0.9668136739730835
1.0,1.0,0.0,0.0,1.0
0.69,0.6513907,0.03860932826995844,0.03860932826995844,0.9613906717300416
1.0,1.0,0.0,0.0,1.0
1.0,1.0,0.0,0.0,1.0
0.58,0.5481369,0.031863110065460165,0.031863110065460165,0.9681368899345398
0.08,0.076232344,0.003767656087875368,0.003767656087875368,0.9962323439121247
1.0,0.99998087,1.913309097290039e-05,1.913309097290039e-05,0.9999808669090271
0.48,0.4748517,0.005148302316665632,0.005148302316665632,0.9948516976833344
1.0,1.0,0.0,0.0,1.0
1.0,0.99999994,5.960464477539063e-08,5.960464477539063e-08,0.9999999403953552
0.99,0.99999976,-0.009999761581420907,0.009999761581420907,0.9900002384185791
1.0,0.99999994,5.960464477539063e-08,5.960464477539063e-08,0.9999999403953552
0.6,0.5741505,0.0258494973182678,0.0258494973182678,0.9741505026817322
0.6,0.58205295,0.017947053909301736,0.017947053909301736,0.9820529460906983
1.0,0.9999986,1.3709068298339844e-06,1.3709068298339844e-06,0.9999986290931702
1.0,0.99999994,5.960464477539063e-08,5.960464477539063e-08,0.9999999403953552
1.0,0.9999996,4.172325134277344e-07,4.172325134277344e-07,0.9999995827674866
1.0,0.9999975,2.5033950805664062e-06,2.5033950805664062e-06,0.9999974966049194
1.0,1.0,0.0,0.0,1.0
0.21,0.24371485,-0.0337148541212082,0.0337148541212082,0.9662851458787918
1.0,0.9999965,3.516674041748047e-06,3.516674041748047e-06,0.9999964833259583
1.0,0.9999969,3.0994415283203125e-06,3.0994415283203125e-06,0.9999969005584717
0.31,0.36078796,-0.050787957906723025,0.050787957906723025,0.949212042093277
0.43,0.45032737,-0.020327366590499885,0.020327366590499885,0.9796726334095001
1.0,0.9999999,1.1920928955078125e-07,1.1920928955078125e-07,0.9999998807907104
1.0,0.9999964,3.5762786865234375e-06,3.5762786865234375e-06,0.9999964237213135
1.0,1.0,0.0,0.0,1.0
1.0,1.0,0.0,0.0,1.0
1.0,1.0,0.0,0.0,1.0
0.21,0.24708818,-0.03708817899227143,0.03708817899227143,0.9629118210077285
0.31,0.36031607,-0.05031606793403626,0.05031606793403626,0.9496839320659638
1.0,0.9999999,1.1920928955078125e-07,1.1920928955078125e-07,0.9999998807907104
0.69,0.64694774,0.04305225849151606,0.04305225849151606,0.9569477415084839
0.29,0.31951526,-0.029515258073806783,0.029515258073806783,0.9704847419261933
0.49,0.49108875,-0.001088747978210458,0.001088747978210458,0.9989112520217895
1.0,0.99999905,9.5367431640625e-07,9.5367431640625e-07,0.9999990463256836
1.0,1.0,0.0,0.0,1.0
0.08,0.07977391,0.0002260896563529985,0.0002260896563529985,0.999773910343647
0.76,0.73276937,0.02723062992095948,0.02723062992095948,0.9727693700790405
0.31,0.36129284,-0.05129283905029297,0.05129283905029297,0.9487071609497071
1.0,1.0,0.0,0.0,1.0
0.38,0.39685196,-0.01685195684432983,0.01685195684432983,0.9831480431556702
0.96,0.99998707,-0.039987065792083776,0.039987065792083776,0.9600129342079162
1.0,1.0,0.0,0.0,1.0
0.26,0.302161,-0.04216100811958312,0.04216100811958312,0.9578389918804169
1.0,0.99999994,5.960464477539063e-08,5.960464477539063e-08,0.9999999403953552
1.0,1.0,0.0,0.0,1.0
1.0,1.0,0.0,0.0,1.0
1.0,0.99999994,5.960464477539063e-08,5.960464477539063e-08,0.9999999403953552
1.0,0.99999976,2.384185791015625e-07,2.384185791015625e-07,0.9999997615814209
1.0,1.0,0.0,0.0,1.0
0.26,0.30405495,-0.04405494570732116,0.04405494570732116,0.9559450542926788
1.0,1.0,0.0,0.0,1.0
1.0,0.9999968,3.2186508178710938e-06,3.2186508178710938e-06,0.9999967813491821
1.0,1.0,0.0,0.0,1.0
1.0,0.9999991,8.940696716308594e-07,8.940696716308594e-07,0.9999991059303284
0.76,0.72357655,0.03642345428466798,0.03642345428466798,0.963576545715332
0.96,0.99998635,-0.03998635053634647,0.03998635053634647,0.9600136494636535
0.31,0.361287,-0.05128699779510498,0.05128699779510498,0.9487130022048951
0.48,0.47406104,0.005938957929611188,0.005938957929611188,0.9940610420703888
0.76,0.73039436,0.029605636596679696,0.029605636596679696,0.9703943634033203
0.11,0.14607719,-0.03607718586921692,0.03607718586921692,0.9639228141307831
1.0,0.9999999,1.1920928955078125e-07,1.1920928955078125e-07,0.9999998807907104
1.0,1.0,0.0,0.0,1.0
1.0,0.99999994,5.960464477539063e-08,5.960464477539063e-08,0.9999999403953552
1.0,1.0,0.0,0.0,1.0
1.0,0.9999994,5.960464477539062e-07,5.960464477539062e-07,0.9999994039535522
1.0,1.0,0.0,0.0,1.0
1.0,0.9999968,3.2186508178710938e-06,3.2186508178710938e-06,0.9999967813491821
1.0,1.0,0.0,0.0,1.0
0.49,0.49025428,-0.00025428295135498935,0.00025428295135498935,0.999745717048645
1.0,1.0,0.0,0.0,1.0
0.58,0.54780185,0.032198147773742636,0.032198147773742636,0.9678018522262574
1.0,1.0,0.0,0.0,1.0
1.0,1.0,0.0,0.0,1.0
0.31,0.36165416,-0.05165416240692139,0.05165416240692139,0.9483458375930787
1.0,1.0,0.0,0.0,1.0
0.57,0.5509058,0.019094176292419385,0.019094176292419385,0.9809058237075806
1.0,0.99999994,5.960464477539063e-08,5.960464477539063e-08,0.9999999403953552
1.0,0.9999997,2.980232238769531e-07,2.980232238769531e-07,0.9999997019767761
1.0,1.0,0.0,0.0,1.0
1.0,1.0,0.0,0.0,1.0
0.08,0.079671934,0.0003280657529830949,0.0003280657529830949,0.999671934247017
0.48,0.475017,0.004982988834381086,0.004982988834381086,0.9950170111656189
1.0,0.99999994,5.960464477539063e-08,5.960464477539063e-08,0.9999999403953552
1.0,1.0,0.0,0.0,1.0
1.0,0.9999995,4.76837158203125e-07,4.76837158203125e-07,0.9999995231628418
1.0,1.0,0.0,0.0,1.0
1.0,1.0,0.0,0.0,1.0
1.0,0.99999994,5.960464477539063e-08,5.960464477539063e-08,0.9999999403953552
1.0,1.0,0.0,0.0,1.0
0.76,0.72101164,0.03898836135864259,0.03898836135864259,0.9610116386413574
1.0,0.9999971,2.9206275939941406e-06,2.9206275939941406e-06,0.999997079372406
1.0,1.0,0.0,0.0,1.0
1.0,0.99999994,5.960464477539063e-08,5.960464477539063e-08,0.9999999403953552
1.0,0.99999994,5.960464477539063e-08,5.960464477539063e-08,0.9999999403953552
0.57,0.5612364,0.008763618469238232,0.008763618469238232,0.9912363815307618
0.58,0.54786646,0.03213353633880611,0.03213353633880611,0.9678664636611939
0.08,0.07768039,0.002319613397121431,0.002319613397121431,0.9976803866028786
1.0,0.99999994,5.960464477539063e-08,5.960464477539063e-08,0.9999999403953552
1.0,0.99999994,5.960464477539063e-08,5.960464477539063e-08,0.9999999403953552
1.0,0.99999994,5.960464477539063e-08,5.960464477539063e-08,0.9999999403953552
0.96,0.999979,-0.0399790191650391,0.0399790191650391,0.9600209808349609
0.26,0.29958996,-0.039589961767196646,0.039589961767196646,0.9604100382328034
1.0,0.9999984,1.6093254089355469e-06,1.6093254089355469e-06,0.9999983906745911
1.0,0.99999934,6.556510925292969e-07,6.556510925292969e-07,0.9999993443489075
0.31,0.36090243,-0.05090242862701416,0.05090242862701416,0.9490975713729859
0.48,0.47565815,0.0043418514728545965,0.0043418514728545965,0.9956581485271454
1.0,0.99999845,1.5497207641601562e-06,1.5497207641601562e-06,0.9999984502792358
0.6,0.5769299,0.02307007312774656,0.02307007312774656,0.9769299268722534
1.0,1.0,0.0,0.0,1.0
0.48,0.47472435,0.005275647640228254,0.005275647640228254,0.9947243523597717
0.11,0.14980702,-0.039807021021842956,0.039807021021842956,0.960192978978157
0.11,0.15276724,-0.04276724100112915,0.04276724100112915,0.9572327589988708
1.0,1.0,0.0,0.0,1.0
1.0,0.99999994,5.960464477539063e-08,5.960464477539063e-08,0.9999999403953552
0.49,0.4907352,-0.0007352030277252286,0.0007352030277252286,0.9992647969722748
1.0,1.0,0.0,0.0,1.0
0.57,0.54601187,0.023988134860992383,0.023988134860992383,0.9760118651390076
1.0,0.99999875,1.2516975402832031e-06,1.2516975402832031e-06,0.9999987483024597
0.96,0.9999877,-0.039987721443176305,0.039987721443176305,0.9600122785568237
0.26,0.30442488,-0.04442488193511962,0.04442488193511962,0.9555751180648804
0.48,0.47304618,0.006953816413879377,0.006953816413879377,0.9930461835861206
1.0,1.0,0.0,0.0,1.0
1.0,1.0,0.0,0.0,1.0
1.0,1.0,0.0,0.0,1.0
1.0,1.0,0.0,0.0,1.0
1.0,1.0,0.0,0.0,1.0
1.0,0.9999976,2.384185791015625e-06,2.384185791015625e-06,0.999997615814209
0.38,0.398766,-0.01876601099967956,0.01876601099967956,0.9812339890003204
0.11,0.14048913,-0.030489131212234497,0.030489131212234497,0.9695108687877655
0.31,0.3609423,-0.0509423041343689,0.0509423041343689,0.9490576958656312
1.0,0.99999946,5.364418029785156e-07,5.364418029785156e-07,0.999999463558197
0.21,0.24303895,-0.03303895235061646,0.03303895235061646,0.9669610476493835
0.29,0.31655976,-0.02655976176261904,0.02655976176261904,0.973440238237381
0.11,0.1511226,-0.041122599840164184,0.041122599840164184,0.9588774001598358
1.0,0.99999964,3.5762786865234375e-07,3.5762786865234375e-07,0.9999996423721313
0.11,0.14484057,-0.03484056830406189,0.03484056830406189,0.9651594316959381
0.38,0.39683944,-0.016839439868926998,0.016839439868926998,0.983160560131073
0.76,0.7365562,0.023443827629089364,0.023443827629089364,0.9765561723709106
1.0,0.99999994,5.960464477539063e-08,5.960464477539063e-08,0.9999999403953552
1.0,1.0,0.0,0.0,1.0
1.0,0.99999994,5.960464477539063e-08,5.960464477539063e-08,0.9999999403953552
1.0,1.0,0.0,0.0,1.0
1.0,1.0,0.0,0.0,1.0
1.0,0.9999995,4.76837158203125e-07,4.76837158203125e-07,0.9999995231628418
1.0,1.0,0.0,0.0,1.0
0.29,0.3156749,-0.025674901008605977,0.025674901008605977,0.9743250989913941
0.26,0.3034294,-0.043429394960403434,0.043429394960403434,0.9565706050395966
0.08,0.08647607,-0.006476072669029234,0.006476072669029234,0.9935239273309707
0.08,0.08348423,-0.0034842324256896956,0.0034842324256896956,0.9965157675743103
1.0,1.0,0.0,0.0,1.0
0.49,0.49133652,-0.001336524486541757,0.001336524486541757,0.9986634755134582
1.0,0.9999999,1.1920928955078125e-07,1.1920928955078125e-07,0.9999998807907104
1.0,1.0,0.0,0.0,1.0
1.0,0.99999994,5.960464477539063e-08,5.960464477539063e-08,0.9999999403953552
0.69,0.64135075,0.04864925384521479,0.04864925384521479,0.9513507461547852
1.0,1.0,0.0,0.0,1.0
1.0,1.0,0.0,0.0,1.0
0.43,0.45193782,-0.021937824487686164,0.021937824487686164,0.9780621755123138
0.38,0.39684334,-0.016843343973159786,0.016843343973159786,0.9831566560268402
1.0,1.0,0.0,0.0,1.0
1.0,1.0,0.0,0.0,1.0
1.0,0.99999994,5.960464477539063e-08,5.960464477539063e-08,0.9999999403953552
0.08,0.076216005,0.003783995211124422,0.003783995211124422,0.9962160047888756
1.0,0.9999974,2.6226043701171875e-06,2.6226043701171875e-06,0.9999973773956299
0.58,0.54793143,0.03206856727600094,0.03206856727600094,0.9679314327239991
1.0,0.99999994,5.960464477539063e-08,5.960464477539063e-08,0.9999999403953552
1.0,0.9999999,1.1920928955078125e-07,1.1920928955078125e-07,0.9999998807907104
1.0,1.0,0.0,0.0,1.0
0.96,0.9999831,-0.039983072280883825,0.039983072280883825,0.9600169277191162
0.21,0.2441396,-0.03413959681987763,0.03413959681987763,0.9658604031801223
1.0,0.99999887,1.1324882507324219e-06,1.1324882507324219e-06,0.9999988675117493
1.0,0.99999684,3.159046173095703e-06,3.159046173095703e-06,0.9999968409538269
0.49,0.48849043,0.0015095674991607577,0.0015095674991607577,0.9984904325008392
1.0,1.0,0.0,0.0,1.0
1.0,1.0,0.0,0.0,1.0
1.0,0.9999987,1.3113021850585938e-06,1.3113021850585938e-06,0.9999986886978149
1.0,0.99999887,1.1324882507324219e-06,1.1324882507324219e-06,0.9999988675117493
0.31,0.3592437,-0.04924369096755982,0.04924369096755982,0.9507563090324402
0.31,0.36288473,-0.052884730100631716,0.052884730100631716,0.9471152698993683
1.0,1.0,0.0,0.0,1.0
0.43,0.4509702,-0.020970202684402472,0.020970202684402472,0.9790297973155975
0.6,0.5783366,0.02166340351104734,0.02166340351104734,0.9783365964889527
1.0,0.9999988,1.1920928955078125e-06,1.1920928955078125e-06,0.9999988079071045
1.0,0.9999998,1.7881393432617188e-07,1.7881393432617188e-07,0.9999998211860657
1.0,0.99999994,5.960464477539063e-08,5.960464477539063e-08,0.9999999403953552
1.0,1.0,0.0,0.0,1.0
1.0,0.9999994,5.960464477539062e-07,5.960464477539062e-07,0.9999994039535522
0.29,0.31453255,-0.024532548189163228,0.024532548189163228,0.9754674518108368
1.0,0.9999998,1.7881393432617188e-07,1.7881393432617188e-07,0.9999998211860657
0.57,0.55050164,0.01949835538864131,0.01949835538864131,0.9805016446113587
1.0,1.0,0.0,0.0,1.0
1.0,0.9999999,1.1920928955078125e-07,1.1920928955078125e-07,0.9999998807907104
1.0,1.0,0.0,0.0,1.0
0.48,0.47726032,0.0027396786212920965,0.0027396786212920965,0.9972603213787079
0.29,0.31748283,-0.027482829093933125,0.027482829093933125,0.9725171709060669
0.26,0.29952097,-0.03952096939086913,0.03952096939086913,0.9604790306091309
0.38,0.39491028,-0.014910275936126705,0.014910275936126705,0.9850897240638733
1.0,1.0,0.0,0.0,1.0
0.49,0.4895914,0.0004086101055145175,0.0004086101055145175,0.9995913898944855
0.31,0.3624534,-0.0524534010887146,0.0524534010887146,0.9475465989112855
1.0,0.9999983,1.7285346984863281e-06,1.7285346984863281e-06,0.9999982714653015
0.08,0.08540978,-0.0054097828269004805,0.0054097828269004805,0.9945902171730995
1.0,1.0,0.0,0.0,1.0
1.0,1.0,0.0,0.0,1.0
1.0,0.99999845,1.5497207641601562e-06,1.5497207641601562e-06,0.9999984502792358
0.57,0.55909646,0.010903544425964307,0.010903544425964307,0.9890964555740357
0.69,0.651628,0.03837198257446284,0.03837198257446284,0.9616280174255372
0.69,0.65133935,0.038660647869110054,0.038660647869110054,0.96133935213089
1.0,1.0,0.0,0.0,1.0
1.0,1.0,0.0,0.0,1.0
1.0,0.99999654,3.4570693969726562e-06,3.4570693969726562e-06,0.999996542930603
1.0,1.0,0.0,0.0,1.0
0.69,0.65086734,0.03913265705108637,0.03913265705108637,0.9608673429489136
0.38,0.39757624,-0.01757624268531799,0.01757624268531799,0.982423757314682
0.69,0.64907515,0.04092484951019282,0.04092484951019282,0.9590751504898072
1.0,1.0,0.0,0.0,1.0
0.69,0.64548075,0.044519248008727974,0.044519248008727974,0.955480751991272
1.0,0.99999744,2.562999725341797e-06,2.562999725341797e-06,0.9999974370002747
1.0,0.9999968,3.2186508178710938e-06,3.2186508178710938e-06,0.9999967813491821
1.0,0.99999875,1.2516975402832031e-06,1.2516975402832031e-06,0.9999987483024597
1.0,0.99999994,5.960464477539063e-08,5.960464477539063e-08,0.9999999403953552
0.38,0.39606303,-0.01606302976608276,0.01606302976608276,0.9839369702339172
1.0,1.0,0.0,0.0,1.0
1.0,1.0,0.0,0.0,1.0
1.0,0.99999964,3.5762786865234375e-07,3.5762786865234375e-07,0.9999996423721313
0.99,0.9999998,-0.009999821186065683,0.009999821186065683,0.9900001788139343
1.0,0.9999971,2.9206275939941406e-06,2.9206275939941406e-06,0.999997079372406
0.31,0.3594611,-0.049461098909378054,0.049461098909378054,0.950538901090622
1.0,0.9999998,1.7881393432617188e-07,1.7881393432617188e-07,0.9999998211860657
1.0,1.0,0.0,0.0,1.0
1.0,0.99999994,5.960464477539063e-08,5.960464477539063e-08,0.9999999403953552
1.0,1.0,0.0,0.0,1.0
1.0,1.0,0.0,0.0,1.0
0.6,0.58031845,0.019681549072265603,0.019681549072265603,0.9803184509277344
1.0,1.0,0.0,0.0,1.0
1.0,0.99999964,3.5762786865234375e-07,3.5762786865234375e-07,0.9999996423721313
1.0,0.9999979,2.086162567138672e-06,2.086162567138672e-06,0.9999979138374329
1.0,0.99999994,5.960464477539063e-08,5.960464477539063e-08,0.9999999403953552
1.0,1.0,0.0,0.0,1.0
1.0,0.99999994,5.960464477539063e-08,5.960464477539063e-08,0.9999999403953552
0.21,0.24956411,-0.039564111232757576,0.039564111232757576,0.9604358887672424
0.6,0.57625705,0.023742949962615945,0.023742949962615945,0.976257050037384
1.0,1.0,0.0,0.0,1.0
1.0,1.0,0.0,0.0,1.0
1.0,1.0,0.0,0.0,1.0
0.26,0.30480167,-0.04480167269706725,0.04480167269706725,0.9551983273029327
1.0,1.0,0.0,0.0,1.0
1.0,1.0,0.0,0.0,1.0
0.58,0.54788375,0.03211625099182125,0.03211625099182125,0.9678837490081788
1.0,1.0,0.0,0.0,1.0
1.0,1.0,0.0,0.0,1.0
1.0,0.99999994,5.960464477539063e-08,5.960464477539063e-08,0.9999999403953552
0.99,0.99999964,-0.009999642372131357,0.009999642372131357,0.9900003576278686
1.0,1.0,0.0,0.0,1.0
1.0,1.0,0.0,0.0,1.0
0.99,0.9999996,-0.009999582767486581,0.009999582767486581,0.9900004172325134
1.0,1.0,0.0,0.0,1.0
1.0,1.0,0.0,0.0,1.0
0.96,0.9999834,-0.0399833703041077,0.0399833703041077,0.9600166296958923
0.57,0.559167,0.010832972526550244,0.010832972526550244,0.9891670274734498
1.0,1.0,0.0,0.0,1.0
1.0,0.9999995,4.76837158203125e-07,4.76837158203125e-07,0.9999995231628418
1.0,0.99999994,5.960464477539063e-08,5.960464477539063e-08,0.9999999403953552
1.0,1.0,0.0,0.0,1.0
1.0,0.9999995,4.76837158203125e-07,4.76837158203125e-07,0.9999995231628418
1.0,0.9999997,2.980232238769531e-07,2.980232238769531e-07,0.9999997019767761
0.6,0.5752853,0.024714684486389138,0.024714684486389138,0.9752853155136109
1.0,0.999999,1.0132789611816406e-06,1.0132789611816406e-06,0.9999989867210388
1.0,0.9999999,1.1920928955078125e-07,1.1920928955078125e-07,0.9999998807907104
1.0,1.0,0.0,0.0,1.0
1.0,0.99999994,5.960464477539063e-08,5.960464477539063e-08,0.9999999403953552
1.0,1.0,0.0,0.0,1.0
0.43,0.44928914,-0.019289143085479743,0.019289143085479743,0.9807108569145202
0.49,0.4887209,0.0012791061401367099,0.0012791061401367099,0.9987208938598633
0.11,0.148285,-0.03828500151634216,0.03828500151634216,0.9617149984836578
0.96,0.9999883,-0.03998831748962406,0.03998831748962406,0.9600116825103759
1.0,1.0,0.0,0.0,1.0
1.0,1.0,0.0,0.0,1.0
1.0,1.0,0.0,0.0,1.0
0.69,0.64520633,0.04479366779327387,0.04479366779327387,0.9552063322067261
1.0,0.99999636,3.635883331298828e-06,3.635883331298828e-06,0.9999963641166687
1.0,0.9999998,1.7881393432617188e-07,1.7881393432617188e-07,0.9999998211860657
1.0,1.0,0.0,0.0,1.0
1.0,1.0,0.0,0.0,1.0
1.0,0.99999994,5.960464477539063e-08,5.960464477539063e-08,0.9999999403953552
0.38,0.39331514,-0.0133151364326477,0.0133151364326477,0.9866848635673523
1.0,1.0,0.0,0.0,1.0
0.26,0.30166924,-0.04166923999786376,0.04166923999786376,0.9583307600021362
0.57,0.5596829,0.010317094326019238,0.010317094326019238,0.9896829056739808
0.11,0.15223898,-0.04223897993564606,0.04223897993564606,0.9577610200643539
0.99,0.9999998,-0.009999821186065683,0.009999821186065683,0.9900001788139343
1.0,1.0,0.0,0.0,1.0
1.0,1.0,0.0,0.0,1.0
1.0,1.0,0.0,0.0,1.0
1.0,0.9999998,1.7881393432617188e-07,1.7881393432617188e-07,0.9999998211860657
1.0,0.99999845,1.5497207641601562e-06,1.5497207641601562e-06,0.9999984502792358
1.0,1.0,0.0,0.0,1.0
1.0,0.99999857,1.430511474609375e-06,1.430511474609375e-06,0.9999985694885254
0.6,0.5770838,0.0229161739349365,0.0229161739349365,0.9770838260650635
0.69,0.6515011,0.038498880863189644,0.038498880863189644,0.9615011191368104
0.48,0.47684962,0.0031503844261169256,0.0031503844261169256,0.9968496155738831
1.0,0.99999994,5.960464477539063e-08,5.960464477539063e-08,0.9999999403953552
1.0,0.99999994,5.960464477539063e-08,5.960464477539063e-08,0.9999999403953552
1.0,0.99999946,5.364418029785156e-07,5.364418029785156e-07,0.999999463558197
1.0,0.99999994,5.960464477539063e-08,5.960464477539063e-08,0.9999999403953552
0.11,0.15234677,-0.04234677493572235,0.04234677493572235,0.9576532250642776
1.0,1.0,0.0,0.0,1.0
1.0,0.9999998,1.7881393432617188e-07,1.7881393432617188e-07,0.9999998211860657
0.11,0.1509099,-0.0409099006652832,0.0409099006652832,0.9590900993347168
1.0,0.99999994,5.960464477539063e-08,5.960464477539063e-08,0.9999999403953552
0.58,0.5483228,0.03167720317840572,0.03167720317840572,0.9683227968215943
1.0,1.0,0.0,0.0,1.0
1.0,1.0,0.0,0.0,1.0
1.0,1.0,0.0,0.0,1.0
1.0,0.9999981,1.9073486328125e-06,1.9073486328125e-06,0.9999980926513672
0.11,0.13807154,-0.028071537017822265,0.028071537017822265,0.9719284629821777
1.0,1.0,0.0,0.0,1.0
0.57,0.55561244,0.01438755512237544,0.01438755512237544,0.9856124448776246
1.0,0.99999994,5.960464477539063e-08,5.960464477539063e-08,0.9999999403953552
1.0,1.0,0.0,0.0,1.0
1.0,1.0,0.0,0.0,1.0
1.0,1.0,0.0,0.0,1.0
1.0,0.99999976,2.384185791015625e-07,2.384185791015625e-07,0.9999997615814209
1.0,1.0,0.0,0.0,1.0
1.0,1.0,0.0,0.0,1.0
1.0,1.0,0.0,0.0,1.0
0.48,0.4745103,0.0054896879196166815,0.0054896879196166815,0.9945103120803833
0.96,0.9999896,-0.03998962879180912,0.03998962879180912,0.9600103712081909
1.0,1.0,0.0,0.0,1.0
1.0,1.0,0.0,0.0,1.0
1.0,1.0,0.0,0.0,1.0
1.0,1.0,0.0,0.0,1.0
1.0,1.0,0.0,0.0,1.0
0.21,0.24029993,-0.030299925208091744,0.030299925208091744,0.9697000747919082
0.21,0.24114436,-0.031144359111785896,0.031144359111785896,0.9688556408882141
1.0,0.9999999,1.1920928955078125e-07,1.1920928955078125e-07,0.9999998807907104
0.43,0.45216763,-0.022167630195617682,0.022167630195617682,0.9778323698043823
1.0,1.0,0.0,0.0,1.0
1.0,0.9999999,1.1920928955078125e-07,1.1920928955078125e-07,0.9999998807907104
1.0,0.99999994,5.960464477539063e-08,5.960464477539063e-08,0.9999999403953552
0.48,0.47463247,0.005367528200149518,0.005367528200149518,0.9946324717998505
0.29,0.31544262,-0.02544262170791628,0.02544262170791628,0.9745573782920838
0.29,0.314815,-0.024815014600753804,0.024815014600753804,0.9751849853992463
1.0,1.0,0.0,0.0,1.0
1.0,1.0,0.0,0.0,1.0
0.43,0.45089158,-0.020891584157943732,0.020891584157943732,0.9791084158420562
1.0,1.0,0.0,0.0,1.0
1.0,0.9999991,8.940696716308594e-07,8.940696716308594e-07,0.9999991059303284
0.76,0.73709476,0.022905240058898935,0.022905240058898935,0.9770947599411011
1.0,1.0,0.0,0.0,1.0
1.0,1.0,0.0,0.0,1.0
1.0,1.0,0.0,0.0,1.0
0.99,0.99999934,-0.00999934434890748,0.00999934434890748,0.9900006556510925
1.0,1.0,0.0,0.0,1.0
0.11,0.1540835,-0.044083505272865295,0.044083505272865295,0.9559164947271347
0.69,0.6517749,0.038225116729736275,0.038225116729736275,0.9617748832702637
1.0,1.0,0.0,0.0,1.0
0.31,0.35949397,-0.04949397087097168,0.04949397087097168,0.9505060291290284
1.0,0.9999989,1.0728836059570312e-06,1.0728836059570312e-06,0.999998927116394
0.43,0.44992045,-0.019920445680618293,0.019920445680618293,0.9800795543193817
0.58,0.54782295,0.03217704772949215,0.03217704772949215,0.9678229522705079
1.0,0.99999994,5.960464477539063e-08,5.960464477539063e-08,0.9999999403953552
1.0,0.99999994,5.960464477539063e-08,5.960464477539063e-08,0.9999999403953552
0.11,0.14686014,-0.036860137581825256,0.036860137581825256,0.9631398624181747
0.57,0.55543685,0.01456315040588374,0.01456315040588374,0.9854368495941163
0.38,0.3976713,-0.017671312093734737,0.017671312093734737,0.9823286879062653
1.0,0.99999857,1.430511474609375e-06,1.430511474609375e-06,0.9999985694885254
0.58,0.54820955,0.031790452003478964,0.031790452003478964,0.968209547996521
0.69,0.64593357,0.04406643152236933,0.04406643152236933,0.9559335684776307
1.0,0.99999994,5.960464477539063e-08,5.960464477539063e-08,0.9999999403953552
1.0,1.0,0.0,0.0,1.0
0.11,0.13691938,-0.026919379234313964,0.026919379234313964,0.973080620765686
1.0,1.0,0.0,0.0,1.0
1.0,1.0,0.0,0.0,1.0
1.0,1.0,0.0,0.0,1.0
1.0,1.0,0.0,0.0,1.0
1.0,1.0,0.0,0.0,1.0
1.0,1.0,0.0,0.0,1.0
1.0,1.0,0.0,0.0,1.0
1.0,0.9999998,1.7881393432617188e-07,1.7881393432617188e-07,0.9999998211860657
0.49,0.48990726,9.273529052733487e-05,9.273529052733487e-05,0.9999072647094727
1.0,1.0,0.0,0.0,1.0
1.0,1.0,0.0,0.0,1.0
1.0,0.9999995,4.76837158203125e-07,4.76837158203125e-07,0.9999995231628418
1.0,1.0,0.0,0.0,1.0
1.0,0.99999833,1.6689300537109375e-06,1.6689300537109375e-06,0.9999983310699463
1.0,1.0,0.0,0.0,1.0
1.0,1.0,0.0,0.0,1.0
0.76,0.73729527,0.02270473003387452,0.02270473003387452,0.9772952699661255
0.21,0.24368465,-0.03368464946746827,0.03368464946746827,0.9663153505325317
1.0,1.0,0.0,0.0,1.0
1.0,0.9999966,3.3974647521972656e-06,3.3974647521972656e-06,0.9999966025352478
0.29,0.31494755,-0.024947545528411885,0.024947545528411885,0.9750524544715882
0.49,0.48784792,0.002152075767517081,0.002152075767517081,0.9978479242324829
1.0,0.9999963,3.6954879760742188e-06,3.6954879760742188e-06,0.9999963045120239
1.0,1.0,0.0,0.0,1.0
1.0,1.0,0.0,0.0,1.0
1.0,0.9999995,4.76837158203125e-07,4.76837158203125e-07,0.9999995231628418
1.0,1.0,0.0,0.0,1.0
0.26,0.29960874,-0.039608737230300894,0.039608737230300894,0.9603912627696991
1.0,0.9999976,2.384185791015625e-06,2.384185791015625e-06,0.999997615814209
1.0,1.0,0.0,0.0,1.0
1.0,0.99999994,5.960464477539063e-08,5.960464477539063e-08,0.9999999403953552
0.58,0.54835534,0.03164465904235836,0.03164465904235836,0.9683553409576416
0.49,0.4873868,0.0026132071018218905,0.0026132071018218905,0.9973867928981781
1.0,1.0,0.0,0.0,1.0
0.11,0.15275484,-0.04275484323501587,0.04275484323501587,0.9572451567649841
1.0,1.0,0.0,0.0,1.0
1.0,0.9999998,1.7881393432617188e-07,1.7881393432617188e-07,0.9999998211860657
1.0,0.9999983,1.7285346984863281e-06,1.7285346984863281e-06,0.9999982714653015
1.0,1.0,0.0,0.0,1.0
0.96,0.9999811,-0.03998110532760624,0.03998110532760624,0.9600188946723938
1.0,0.99999994,5.960464477539063e-08,5.960464477539063e-08,0.9999999403953552
1.0,0.99999994,5.960464477539063e-08,5.960464477539063e-08,0.9999999403953552
1.0,0.9999999,1.1920928955078125e-07,1.1920928955078125e-07,0.9999998807907104
1.0,0.9999999,1.1920928955078125e-07,1.1920928955078125e-07,0.9999998807907104
0.48,0.47651923,0.003480772972106916,0.003480772972106916,0.9965192270278931
1.0,1.0,0.0,0.0,1.0
1.0,1.0,0.0,0.0,1.0
1.0,0.99999994,5.960464477539063e-08,5.960464477539063e-08,0.9999999403953552
1.0,1.0,0.0,0.0,1.0
1.0,1.0,0.0,0.0,1.0
0.08,0.072872065,0.007127934992313387,0.007127934992313387,0.9928720650076867
1.0,0.99999875,1.2516975402832031e-06,1.2516975402832031e-06,0.9999987483024597
1.0,1.0,0.0,0.0,1.0
1.0,0.9999971,2.9206275939941406e-06,2.9206275939941406e-06,0.999997079372406
1.0,1.0,0.0,0.0,1.0
1.0,1.0,0.0,0.0,1.0
0.21,0.24696735,-0.03696734547615052,0.03696734547615052,0.9630326545238495
1.0,0.99999994,5.960464477539063e-08,5.960464477539063e-08,0.9999999403953552
0.21,0.24940372,-0.039403715133667,0.039403715133667,0.960596284866333
0.21,0.24565342,-0.03565342068672181,0.03565342068672181,0.9643465793132782
0.69,0.64691365,0.04308635234832758,0.04308635234832758,0.9569136476516724
0.49,0.4901338,-0.0001337921619415372,0.0001337921619415372,0.9998662078380585
1.0,0.99999994,5.960464477539063e-08,5.960464477539063e-08,0.9999999403953552
0.08,0.075490475,0.004509525299072267,0.004509525299072267,0.9954904747009278
1.0,0.99999857,1.430511474609375e-06,1.430511474609375e-06,0.9999985694885254
0.38,0.39530778,-0.015307779312133785,0.015307779312133785,0.9846922206878662
1.0,1.0,0.0,0.0,1.0
0.48,0.47611603,0.0038839685916900457,0.0038839685916900457,0.99611603140831
0.31,0.36174858,-0.05174857616424561,0.05174857616424561,0.9482514238357544
0.31,0.3597132,-0.04971319675445557,0.04971319675445557,0.9502868032455445
1.0,0.99999994,5.960464477539063e-08,5.960464477539063e-08,0.9999999403953552
1.0,0.99999994,5.960464477539063e-08,5.960464477539063e-08,0.9999999403953552
1.0,1.0,0.0,0.0,1.0
1.0,0.99999994,5.960464477539063e-08,5.960464477539063e-08,0.9999999403953552
1.0,0.99999994,5.960464477539063e-08,5.960464477539063e-08,0.9999999403953552
1.0,1.0,0.0,0.0,1.0
0.43,0.45109588,-0.021095879077911384,0.021095879077911384,0.9789041209220886
0.76,0.7387957,0.021204302310943612,0.021204302310943612,0.9787956976890564
0.11,0.1508935,-0.040893494486808776,0.040893494486808776,0.9591065055131912
1.0,0.99999917,8.344650268554688e-07,8.344650268554688e-07,0.9999991655349731
1.0,1.0,0.0,0.0,1.0
1.0,0.9999998,1.7881393432617188e-07,1.7881393432617188e-07,0.9999998211860657
1.0,1.0,0.0,0.0,1.0
0.49,0.4887116,0.0012884044647216708,0.0012884044647216708,0.9987115955352783
0.43,0.4493326,-0.019332594871521003,0.019332594871521003,0.9806674051284789
0.99,0.9999998,-0.009999821186065683,0.009999821186065683,0.9900001788139343
1.0,1.0,0.0,0.0,1.0
0.99,0.9999997,-0.009999701976776132,0.009999701976776132,0.9900002980232239
1.0,0.999999,1.0132789611816406e-06,1.0132789611816406e-06,0.9999989867210388
1.0,1.0,0.0,0.0,1.0
0.38,0.3933521,-0.013352091312408443,0.013352091312408443,0.9866479086875916
1.0,0.99999994,5.960464477539063e-08,5.960464477539063e-08,0.9999999403953552
1.0,1.0,0.0,0.0,1.0
0.26,0.30331278,-0.04331277847290038,0.04331277847290038,0.9566872215270996
1.0,1.0,0.0,0.0,1.0
1.0,0.9999995,4.76837158203125e-07,4.76837158203125e-07,0.9999995231628418
1.0,0.9999999,1.1920928955078125e-07,1.1920928955078125e-07,0.9999998807907104
0.76,0.72800624,0.0319937562942505,0.0319937562942505,0.9680062437057495
1.0,1.0,0.0,0.0,1.0
1.0,1.0,0.0,0.0,1.0
1.0,1.0,0.0,0.0,1.0
1.0,0.99999994,5.960464477539063e-08,5.960464477539063e-08,0.9999999403953552
1.0,0.99999946,5.364418029785156e-07,5.364418029785156e-07,0.999999463558197
1.0,1.0,0.0,0.0,1.0
1.0,0.99999994,5.960464477539063e-08,5.960464477539063e-08,0.9999999403953552
1.0,1.0,0.0,0.0,1.0
1.0,0.99999994,5.960464477539063e-08,5.960464477539063e-08,0.9999999403953552
1.0,1.0,0.0,0.0,1.0
0.21,0.2451575,-0.035157495141029366,0.035157495141029366,0.9648425048589706
0.58,0.5478828,0.032117204666137655,0.032117204666137655,0.9678827953338623
1.0,1.0,0.0,0.0,1.0
1.0,1.0,0.0,0.0,1.0
1.0,0.99999994,5.960464477539063e-08,5.960464477539063e-08,0.9999999403953552
1.0,1.0,0.0,0.0,1.0
0.38,0.39434904,-0.014349038600921626,0.014349038600921626,0.9856509613990784
0.21,0.24669409,-0.03669408798217774,0.03669408798217774,0.9633059120178222
0.58,0.54840755,0.031592445373535116,0.031592445373535116,0.9684075546264649
1.0,0.9999998,1.7881393432617188e-07,1.7881393432617188e-07,0.9999998211860657
1.0,0.99999905,9.5367431640625e-07,9.5367431640625e-07,0.9999990463256836
1.0,0.99999994,5.960464477539063e-08,5.960464477539063e-08,0.9999999403953552
0.76,0.7292836,0.030716428756713876,0.030716428756713876,0.9692835712432861
0.69,0.65132,0.038680019378662056,0.038680019378662056,0.9613199806213379
0.43,0.45154846,-0.021548457145690925,0.021548457145690925,0.978451542854309
1.0,1.0,0.0,0.0,1.0
1.0,0.99999994,5.960464477539063e-08,5.960464477539063e-08,0.9999999403953552
1.0,1.0,0.0,0.0,1.0
1.0,1.0,0.0,0.0,1.0
1.0,1.0,0.0,0.0,1.0
1.0,0.99999994,5.960464477539063e-08,5.960464477539063e-08,0.9999999403953552
1.0,1.0,0.0,0.0,1.0
1.0,1.0,0.0,0.0,1.0
1.0,1.0,0.0,0.0,1.0
1.0,0.99999994,5.960464477539063e-08,5.960464477539063e-08,0.9999999403953552
1.0,1.0,0.0,0.0,1.0
0.43,0.4506169,-0.020616896152496345,0.020616896152496345,0.9793831038475036
0.38,0.39796403,-0.01796403050422668,0.01796403050422668,0.9820359694957733
1.0,1.0,0.0,0.0,1.0
0.57,0.5510225,0.01897747039794917,0.01897747039794917,0.9810225296020508
1.0,0.99999994,5.960464477539063e-08,5.960464477539063e-08,0.9999999403953552
1.0,0.99999994,5.960464477539063e-08,5.960464477539063e-08,0.9999999403953552
1.0,1.0,0.0,0.0,1.0
1.0,1.0,0.0,0.0,1.0
0.57,0.55931866,0.01068133831024165,0.01068133831024165,0.9893186616897583
0.99,0.99999964,-0.009999642372131357,0.009999642372131357,0.9900003576278686
1.0,1.0,0.0,0.0,1.0
1.0,0.99999994,5.960464477539063e-08,5.960464477539063e-08,0.9999999403953552
1.0,0.99999994,5.960464477539063e-08,5.960464477539063e-08,0.9999999403953552
1.0,0.99999994,5.960464477539063e-08,5.960464477539063e-08,0.9999999403953552
1.0,1.0,0.0,0.0,1.0
1.0,1.0,0.0,0.0,1.0
1.0,0.99999785,2.1457672119140625e-06,2.1457672119140625e-06,0.9999978542327881
1.0,1.0,0.0,0.0,1.0
1.0,0.9999972,2.8014183044433594e-06,2.8014183044433594e-06,0.9999971985816956
0.69,0.65077794,0.03922206401824946,0.03922206401824946,0.9607779359817505
1.0,0.99999917,8.344650268554688e-07,8.344650268554688e-07,0.9999991655349731
1.0,1.0,0.0,0.0,1.0
0.29,0.31605127,-0.02605127453804018,0.02605127453804018,0.9739487254619599
1.0,1.0,0.0,0.0,1.0
1.0,0.9999985,1.4901161193847656e-06,1.4901161193847656e-06,0.9999985098838806
1.0,1.0,0.0,0.0,1.0
1.0,1.0,0.0,0.0,1.0
0.11,0.14730318,-0.037303178906440734,0.037303178906440734,0.9626968210935593
1.0,1.0,0.0,0.0,1.0
1.0,1.0,0.0,0.0,1.0
1.0,0.9999921,7.927417755126953e-06,7.927417755126953e-06,0.9999920725822449
0.38,0.3955074,-0.015507395267486568,0.015507395267486568,0.9844926047325134
1.0,1.0,0.0,0.0,1.0
1.0,1.0,0.0,0.0,1.0
1.0,0.99999994,5.960464477539063e-08,5.960464477539063e-08,0.9999999403953552
1.0,1.0,0.0,0.0,1.0
1.0,0.9999988,1.1920928955078125e-06,1.1920928955078125e-06,0.9999988079071045
0.57,0.5574478,0.012552208900451611,0.012552208900451611,0.9874477910995484
1.0,0.99999267,7.331371307373047e-06,7.331371307373047e-06,0.9999926686286926
0.31,0.36277264,-0.052772643566131594,0.052772643566131594,0.9472273564338685
0.58,0.5479831,0.03201689004898067,0.03201689004898067,0.9679831099510193
1.0,0.9999997,2.980232238769531e-07,2.980232238769531e-07,0.9999997019767761
1.0,1.0,0.0,0.0,1.0
1.0,1.0,0.0,0.0,1.0
1.0,0.9999999,1.1920928955078125e-07,1.1920928955078125e-07,0.9999998807907104
1.0,0.99999654,3.4570693969726562e-06,3.4570693969726562e-06,0.999996542930603
1.0,1.0,0.0,0.0,1.0
0.11,0.14402765,-0.034027650356292724,0.034027650356292724,0.9659723496437073
1.0,0.99999994,5.960464477539063e-08,5.960464477539063e-08,0.9999999403953552
1.0,1.0,0.0,0.0,1.0
1.0,1.0,0.0,0.0,1.0
0.48,0.47343373,0.006566267013549787,0.006566267013549787,0.9934337329864502
0.58,0.54778206,0.032217936515808066,0.032217936515808066,0.9677820634841919
1.0,1.0,0.0,0.0,1.0
0.57,0.5506506,0.019349403381347607,0.019349403381347607,0.9806505966186524
1.0,1.0,0.0,0.0,1.0
1.0,1.0,0.0,0.0,1.0
0.57,0.5528805,0.017119474411010693,0.017119474411010693,0.9828805255889893
0.96,0.9999839,-0.03998390674591068,0.03998390674591068,0.9600160932540893
1.0,1.0,0.0,0.0,1.0
1.0,1.0,0.0,0.0,1.0
1.0,0.99999994,5.960464477539063e-08,5.960464477539063e-08,0.9999999403953552
0.6,0.57797444,0.022025561332702615,0.022025561332702615,0.9779744386672974
0.58,0.547861,0.03213901996612545,0.03213901996612545,0.9678609800338746
1.0,0.99999994,5.960464477539063e-08,5.960464477539063e-08,0.9999999403953552
1.0,0.9999999,1.1920928955078125e-07,1.1920928955078125e-07,0.9999998807907104
1.0,1.0,0.0,0.0,1.0
1.0,0.99999994,5.960464477539063e-08,5.960464477539063e-08,0.9999999403953552
0.57,0.54929453,0.02070546865463252,0.02070546865463252,0.9792945313453675
0.38,0.3963435,-0.01634349942207336,0.01634349942207336,0.9836565005779266
0.26,0.30140015,-0.04140015482902526,0.04140015482902526,0.9585998451709747
1.0,0.99999833,1.6689300537109375e-06,1.6689300537109375e-06,0.9999983310699463
0.11,0.14277405,-0.03277404546737671,0.03277404546737671,0.9672259545326233
0.69,0.64224935,0.047750654220581,0.047750654220581,0.952249345779419
0.11,0.13861036,-0.028610363006591796,0.028610363006591796,0.9713896369934082
1.0,1.0,0.0,0.0,1.0
1.0,0.99999994,5.960464477539063e-08,5.960464477539063e-08,0.9999999403953552
1.0,1.0,0.0,0.0,1.0
0.69,0.6485021,0.04149788856506342,0.04149788856506342,0.9585021114349366
1.0,0.99999994,5.960464477539063e-08,5.960464477539063e-08,0.9999999403953552
1.0,1.0,0.0,0.0,1.0
1.0,0.99999684,3.159046173095703e-06,3.159046173095703e-06,0.9999968409538269
1.0,1.0,0.0,0.0,1.0
1.0,1.0,0.0,0.0,1.0
0.38,0.39276934,-0.012769336700439449,0.012769336700439449,0.9872306632995606
1.0,1.0,0.0,0.0,1.0
0.69,0.6502503,0.039749684333801216,0.039749684333801216,0.9602503156661988
1.0,1.0,0.0,0.0,1.0
1.0,1.0,0.0,0.0,1.0
1.0,0.99999994,5.960464477539063e-08,5.960464477539063e-08,0.9999999403953552
0.11,0.13740744,-0.027407436966896057,0.027407436966896057,0.9725925630331039
0.57,0.5529696,0.01703042507171626,0.01703042507171626,0.9829695749282837
0.43,0.45203313,-0.022033132314682013,0.022033132314682013,0.9779668676853179
1.0,1.0,0.0,0.0,1.0
0.69,0.65192646,0.038073542118072456,0.038073542118072456,0.9619264578819275
1.0,0.99999994,5.960464477539063e-08,5.960464477539063e-08,0.9999999403953552
1.0,1.0,0.0,0.0,1.0
1.0,0.9999998,1.7881393432617188e-07,1.7881393432617188e-07,0.9999998211860657
0.21,0.24264023,-0.03264022707939149,0.03264022707939149,0.9673597729206085
1.0,0.9999999,1.1920928955078125e-07,1.1920928955078125e-07,0.9999998807907104
0.99,0.99999964,-0.009999642372131357,0.009999642372131357,0.9900003576278686
0.69,0.6517993,0.038200678825378365,0.038200678825378365,0.9617993211746216
1.0,0.99999994,5.960464477539063e-08,5.960464477539063e-08,0.9999999403953552
1.0,1.0,0.0,0.0,1.0
0.57,0.5516406,0.01835937023162837,0.01835937023162837,0.9816406297683716
0.99,0.9999998,-0.009999821186065683,0.009999821186065683,0.9900001788139343
1.0,1.0,0.0,0.0,1.0
0.26,0.30500758,-0.04500757694244384,0.04500757694244384,0.9549924230575562
0.96,0.9999799,-0.03997991323471073,0.03997991323471073,0.9600200867652893
1.0,0.9999989,1.0728836059570312e-06,1.0728836059570312e-06,0.999998927116394
1.0,0.99999994,5.960464477539063e-08,5.960464477539063e-08,0.9999999403953552
1.0,1.0,0.0,0.0,1.0
0.99,0.99999976,-0.009999761581420907,0.009999761581420907,0.9900002384185791
0.76,0.729951,0.030048975944519052,0.030048975944519052,0.969951024055481
1.0,1.0,0.0,0.0,1.0
1.0,0.99999994,5.960464477539063e-08,5.960464477539063e-08,0.9999999403953552
0.11,0.14561911,-0.03561910927295685,0.03561910927295685,0.9643808907270431
1.0,1.0,0.0,0.0,1.0
1.0,0.99999994,5.960464477539063e-08,5.960464477539063e-08,0.9999999403953552
1.0,1.0,0.0,0.0,1.0
1.0,0.99999994,5.960464477539063e-08,5.960464477539063e-08,0.9999999403953552
1.0,1.0,0.0,0.0,1.0
1.0,1.0,0.0,0.0,1.0
1.0,1.0,0.0,0.0,1.0
1.0,1.0,0.0,0.0,1.0
0.49,0.49035817,-0.0003581738471984952,0.0003581738471984952,0.9996418261528015
1.0,0.99999994,5.960464477539063e-08,5.960464477539063e-08,0.9999999403953552
1.0,0.9999996,4.172325134277344e-07,4.172325134277344e-07,0.9999995827674866
1.0,1.0,0.0,0.0,1.0
1.0,1.0,0.0,0.0,1.0
0.11,0.14008695,-0.03008694887161255,0.03008694887161255,0.9699130511283874
1.0,0.99999994,5.960464477539063e-08,5.960464477539063e-08,0.9999999403953552
0.58,0.5478419,0.03215809345245357,0.03215809345245357,0.9678419065475464
1.0,0.9999887,1.1324882507324219e-05,1.1324882507324219e-05,0.9999886751174927
0.6,0.5787233,0.021276688575744607,0.021276688575744607,0.9787233114242554
1.0,1.0,0.0,0.0,1.0
0.76,0.7364287,0.023571321964263925,0.023571321964263925,0.9764286780357361
1.0,1.0,0.0,0.0,1.0
0.26,0.2998946,-0.03989460110664367,0.03989460110664367,0.9601053988933563
0.57,0.55098975,0.019010252952575635,0.019010252952575635,0.9809897470474244
0.31,0.35803896,-0.04803896188735962,0.04803896188735962,0.9519610381126404
1.0,1.0,0.0,0.0,1.0
1.0,0.99999994,5.960464477539063e-08,5.960464477539063e-08,0.9999999403953552
0.96,0.9999794,-0.03997937679290775,0.03997937679290775,0.9600206232070922
1.0,0.9999999,1.1920928955078125e-07,1.1920928955078125e-07,0.9999998807907104
1.0,0.9999998,1.7881393432617188e-07,1.7881393432617188e-07,0.9999998211860657
1.0,0.9999985,1.4901161193847656e-06,1.4901161193847656e-06,0.9999985098838806
0.49,0.49054265,-0.0005426502227783292,0.0005426502227783292,0.9994573497772217
0.26,0.30195236,-0.041952362060546866,0.041952362060546866,0.9580476379394531
1.0,1.0,0.0,0.0,1.0
0.29,0.31353265,-0.023532650470733663,0.023532650470733663,0.9764673495292664
1.0,0.999997,2.9802322387695312e-06,2.9802322387695312e-06,0.9999970197677612
1.0,1.0,0.0,0.0,1.0
0.58,0.5483515,0.031648473739623983,0.031648473739623983,0.968351526260376
0.38,0.39454365,-0.014543647766113277,0.014543647766113277,0.9854563522338867
1.0,0.99999994,5.960464477539063e-08,5.960464477539063e-08,0.9999999403953552
0.99,0.9999995,-0.009999523162841806,0.009999523162841806,0.9900004768371582
0.48,0.47534364,0.004656355381011945,0.004656355381011945,0.995343644618988
1.0,1.0,0.0,0.0,1.0
1.0,0.99999994,5.960464477539063e-08,5.960464477539063e-08,0.9999999403953552
1.0,0.9999998,1.7881393432617188e-07,1.7881393432617188e-07,0.9999998211860657
0.21,0.24636766,-0.036367663145065315,0.036367663145065315,0.9636323368549347
1.0,1.0,0.0,0.0,1.0
0.96,0.99998814,-0.03998813867568973,0.03998813867568973,0.9600118613243103
1.0,0.9999998,1.7881393432617188e-07,1.7881393432617188e-07,0.9999998211860657
1.0,0.99999994,5.960464477539063e-08,5.960464477539063e-08,0.9999999403953552
1.0,1.0,0.0,0.0,1.0
1.0,0.99999994,5.960464477539063e-08,5.960464477539063e-08,0.9999999403953552
1.0,1.0,0.0,0.0,1.0
1.0,1.0,0.0,0.0,1.0
0.99,0.9999993,-0.009999284744262704,0.009999284744262704,0.9900007152557373
0.31,0.36260775,-0.052607747316360476,0.052607747316360476,0.9473922526836396
1.0,0.99999994,5.960464477539063e-08,5.960464477539063e-08,0.9999999403953552
0.29,0.31327513,-0.023275128602981587,0.023275128602981587,0.9767248713970185
0.57,0.54992354,0.020076460838317822,0.020076460838317822,0.9799235391616822
1.0,1.0,0.0,0.0,1.0
0.99,0.9999994,-0.009999403953552255,0.009999403953552255,0.9900005960464477
1.0,0.9999999,1.1920928955078125e-07,1.1920928955078125e-07,0.9999998807907104
1.0,1.0,0.0,0.0,1.0
1.0,0.99999994,5.960464477539063e-08,5.960464477539063e-08,0.9999999403953552
1.0,0.99999994,5.960464477539063e-08,5.960464477539063e-08,0.9999999403953552
1.0,1.0,0.0,0.0,1.0
1.0,0.999999,1.0132789611816406e-06,1.0132789611816406e-06,0.9999989867210388
1.0,1.0,0.0,0.0,1.0
1.0,0.999999,1.0132789611816406e-06,1.0132789611816406e-06,0.9999989867210388
0.48,0.4757388,0.004261206388473493,0.004261206388473493,0.9957387936115265
0.57,0.55150926,0.01849073886871333,0.01849073886871333,0.9815092611312867
1.0,1.0,0.0,0.0,1.0
1.0,0.99999994,5.960464477539063e-08,5.960464477539063e-08,0.9999999403953552
1.0,1.0,0.0,0.0,1.0
1.0,0.99999994,5.960464477539063e-08,5.960464477539063e-08,0.9999999403953552
1.0,0.999999,1.0132789611816406e-06,1.0132789611816406e-06,0.9999989867210388
0.69,0.6481992,0.04180079936981196,0.04180079936981196,0.958199200630188
1.0,0.99999994,5.960464477539063e-08,5.960464477539063e-08,0.9999999403953552
1.0,1.0,0.0,0.0,1.0
1.0,0.9999999,1.1920928955078125e-07,1.1920928955078125e-07,0.9999998807907104
1.0,1.0,0.0,0.0,1.0
0.31,0.36153388,-0.05153388023376465,0.05153388023376465,0.9484661197662354
1.0,0.99999994,5.960464477539063e-08,5.960464477539063e-08,0.9999999403953552
1.0,1.0,0.0,0.0,1.0
1.0,0.99999994,5.960464477539063e-08,5.960464477539063e-08,0.9999999403953552
0.76,0.7307315,0.029268512725830087,0.029268512725830087,0.9707314872741699
1.0,1.0,0.0,0.0,1.0
1.0,1.0,0.0,0.0,1.0
1.0,1.0,0.0,0.0,1.0
0.6,0.58011365,0.019886350631713845,0.019886350631713845,0.9801136493682862
0.38,0.39610732,-0.016107316017150874,0.016107316017150874,0.9838926839828491
1.0,0.99999994,5.960464477539063e-08,5.960464477539063e-08,0.9999999403953552
0.11,0.14249177,-0.03249177277088165,0.03249177277088165,0.9675082272291183
0.99,0.9999995,-0.009999523162841806,0.009999523162841806,0.9900004768371582
1.0,1.0,0.0,0.0,1.0
1.0,1.0,0.0,0.0,1.0
0.76,0.717717,0.042283008098602304,0.042283008098602304,0.9577169919013977
0.57,0.5606791,0.009320921897888135,0.009320921897888135,0.9906790781021119
0.69,0.6509325,0.03906750917434687,0.03906750917434687,0.9609324908256531
1.0,0.9999999,1.1920928955078125e-07,1.1920928955078125e-07,0.9999998807907104
0.08,0.07721612,0.0027838814258575456,0.0027838814258575456,0.9972161185741425
1.0,1.0,0.0,0.0,1.0
1.0,0.9999998,1.7881393432617188e-07,1.7881393432617188e-07,0.9999998211860657
1.0,1.0,0.0,0.0,1.0
1.0,1.0,0.0,0.0,1.0
1.0,1.0,0.0,0.0,1.0
0.6,0.58178747,0.018212532997131325,0.018212532997131325,0.9817874670028687
1.0,1.0,0.0,0.0,1.0
0.57,0.5511943,0.018805689811706494,0.018805689811706494,0.9811943101882935
1.0,1.0,0.0,0.0,1.0
1.0,1.0,0.0,0.0,1.0
0.48,0.4761471,0.003852914571762067,0.003852914571762067,0.9961470854282379
1.0,0.99999994,5.960464477539063e-08,5.960464477539063e-08,0.9999999403953552
1.0,1.0,0.0,0.0,1.0
1.0,0.9999971,2.9206275939941406e-06,2.9206275939941406e-06,0.999997079372406
1.0,0.9999991,8.940696716308594e-07,8.940696716308594e-07,0.9999991059303284
0.48,0.47531796,0.0046820449829101385,0.0046820449829101385,0.9953179550170899
1.0,0.9999988,1.1920928955078125e-06,1.1920928955078125e-06,0.9999988079071045
1.0,0.99999994,5.960464477539063e-08,5.960464477539063e-08,0.9999999403953552
1.0,1.0,0.0,0.0,1.0
0.48,0.47667038,0.003329615592956525,0.003329615592956525,0.9966703844070435
1.0,1.0,0.0,0.0,1.0
1.0,0.99999905,9.5367431640625e-07,9.5367431640625e-07,0.9999990463256836
1.0,0.99999905,9.5367431640625e-07,9.5367431640625e-07,0.9999990463256836
0.38,0.39535576,-0.015355761051177974,0.015355761051177974,0.984644238948822
0.57,0.5528031,0.017196900844573926,0.017196900844573926,0.9828030991554261
1.0,0.99999994,5.960464477539063e-08,5.960464477539063e-08,0.9999999403953552
0.29,0.31633404,-0.026334038972854634,0.026334038972854634,0.9736659610271454
1.0,1.0,0.0,0.0,1.0
0.26,0.29950964,-0.03950964450836181,0.03950964450836181,0.9604903554916382
1.0,1.0,0.0,0.0,1.0
1.0,1.0,0.0,0.0,1.0
1.0,0.99999976,2.384185791015625e-07,2.384185791015625e-07,0.9999997615814209
1.0,0.9999988,1.1920928955078125e-06,1.1920928955078125e-06,0.9999988079071045
1.0,1.0,0.0,0.0,1.0
0.58,0.5483141,0.03168590545654293,0.03168590545654293,0.9683140945434571
1.0,0.99999994,5.960464477539063e-08,5.960464477539063e-08,0.9999999403953552
1.0,1.0,0.0,0.0,1.0
0.11,0.14714725,-0.03714725315570831,0.03714725315570831,0.9628527468442917
1.0,0.99999994,5.960464477539063e-08,5.960464477539063e-08,0.9999999403953552
1.0,1.0,0.0,0.0,1.0
1.0,1.0,0.0,0.0,1.0
0.76,0.72317195,0.03682805061340333,0.03682805061340333,0.9631719493865967
1.0,0.9999998,1.7881393432617188e-07,1.7881393432617188e-07,0.9999998211860657
1.0,0.99999654,3.4570693969726562e-06,3.4570693969726562e-06,0.999996542930603
0.57,0.5516068,0.01839322566986079,0.01839322566986079,0.9816067743301392
0.43,0.44828358,-0.018283582925796515,0.018283582925796515,0.9817164170742034
1.0,1.0,0.0,0.0,1.0
1.0,0.99999994,5.960464477539063e-08,5.960464477539063e-08,0.9999999403953552
1.0,0.99999994,5.960464477539063e-08,5.960464477539063e-08,0.9999999403953552
1.0,1.0,0.0,0.0,1.0
1.0,0.99999994,5.960464477539063e-08,5.960464477539063e-08,0.9999999403953552
1.0,1.0,0.0,0.0,1.0
1.0,1.0,0.0,0.0,1.0
0.76,0.7297826,0.030217418670654306,0.030217418670654306,0.9697825813293457
0.69,0.65192187,0.03807813167572016,0.03807813167572016,0.9619218683242798
0.6,0.5762002,0.023799812793731667,0.023799812793731667,0.9762001872062683
1.0,1.0,0.0,0.0,1.0
1.0,1.0,0.0,0.0,1.0
1.0,0.99999994,5.960464477539063e-08,5.960464477539063e-08,0.9999999403953552
0.21,0.2462083,-0.036208295226097115,0.036208295226097115,0.9637917047739029
0.29,0.31853244,-0.028532437086105367,0.028532437086105367,0.9714675629138947
0.69,0.6495601,0.04043990612030024,0.04043990612030024,0.9595600938796998
1.0,0.9999998,1.7881393432617188e-07,1.7881393432617188e-07,0.9999998211860657
1.0,1.0,0.0,0.0,1.0
1.0,1.0,0.0,0.0,1.0
0.57,0.55983377,0.010166234970092725,0.010166234970092725,0.9898337650299073
0.11,0.15119736,-0.04119735896587372,0.04119735896587372,0.9588026410341263
1.0,0.9999999,1.1920928955078125e-07,1.1920928955078125e-07,0.9999998807907104
1.0,1.0,0.0,0.0,1.0
1.0,1.0,0.0,0.0,1.0
1.0,0.99999994,5.960464477539063e-08,5.960464477539063e-08,0.9999999403953552
1.0,0.999999,1.0132789611816406e-06,1.0132789611816406e-06,0.9999989867210388
1.0,1.0,0.0,0.0,1.0
1.0,0.99999994,5.960464477539063e-08,5.960464477539063e-08,0.9999999403953552
1.0,1.0,0.0,0.0,1.0
1.0,1.0,0.0,0.0,1.0
1.0,0.9999999,1.1920928955078125e-07,1.1920928955078125e-07,0.9999998807907104
1.0,1.0,0.0,0.0,1.0
1.0,1.0,0.0,0.0,1.0
0.38,0.39714667,-0.01714667201042175,0.01714667201042175,0.9828533279895783
0.38,0.3974001,-0.01740011096000671,0.01740011096000671,0.9825998890399933
0.57,0.5509999,0.01900012016296382,0.01900012016296382,0.9809998798370362
0.57,0.55155313,0.018446869850158643,0.018446869850158643,0.9815531301498414
0.99,0.9999998,-0.009999821186065683,0.009999821186065683,0.9900001788139343
1.0,1.0,0.0,0.0,1.0
1.0,1.0,0.0,0.0,1.0
1.0,1.0,0.0,0.0,1.0
0.26,0.3029979,-0.04299788713455199,0.04299788713455199,0.957002112865448
1.0,0.99999994,5.960464477539063e-08,5.960464477539063e-08,0.9999999403953552
1.0,0.99999994,5.960464477539063e-08,5.960464477539063e-08,0.9999999403953552
1.0,1.0,0.0,0.0,1.0
1.0,1.0,0.0,0.0,1.0
1.0,1.0,0.0,0.0,1.0
1.0,0.99999994,5.960464477539063e-08,5.960464477539063e-08,0.9999999403953552
0.69,0.64389074,0.046109261512756294,0.046109261512756294,0.9538907384872437
1.0,0.9999996,4.172325134277344e-07,4.172325134277344e-07,0.9999995827674866
1.0,1.0,0.0,0.0,1.0
1.0,1.0,0.0,0.0,1.0
1.0,0.99999905,9.5367431640625e-07,9.5367431640625e-07,0.9999990463256836
1.0,1.0,0.0,0.0,1.0
0.48,0.47668588,0.0033141183853149236,0.0033141183853149236,0.9966858816146851
1.0,0.99999994,5.960464477539063e-08,5.960464477539063e-08,0.9999999403953552
1.0,1.0,0.0,0.0,1.0
1.0,1.0,0.0,0.0,1.0
1.0,1.0,0.0,0.0,1.0
1.0,1.0,0.0,0.0,1.0
1.0,1.0,0.0,0.0,1.0
1.0,0.9999999,1.1920928955078125e-07,1.1920928955078125e-07,0.9999998807907104
0.31,0.3597633,-0.049763294458389284,0.049763294458389284,0.9502367055416108
1.0,0.99999994,5.960464477539063e-08,5.960464477539063e-08,0.9999999403953552
0.43,0.45188284,-0.021882839202880866,0.021882839202880866,0.9781171607971191
0.43,0.44871587,-0.018715865612030036,0.018715865612030036,0.9812841343879699
1.0,1.0,0.0,0.0,1.0
1.0,1.0,0.0,0.0,1.0
0.76,0.7259017,0.03409827709197999,0.03409827709197999,0.96590172290802
1.0,0.99999994,5.960464477539063e-08,5.960464477539063e-08,0.9999999403953552
0.08,0.073915444,0.006084555685520174,0.006084555685520174,0.9939154443144799
0.38,0.39593485,-0.01593484997749328,0.01593484997749328,0.9840651500225067
1.0,1.0,0.0,0.0,1.0
1.0,0.99999994,5.960464477539063e-08,5.960464477539063e-08,0.9999999403953552
1.0,0.9999966,3.3974647521972656e-06,3.3974647521972656e-06,0.9999966025352478
0.6,0.5752421,0.024757897853851296,0.024757897853851296,0.9752421021461487
1.0,0.99999994,5.960464477539063e-08,5.960464477539063e-08,0.9999999403953552
1.0,0.99999964,3.5762786865234375e-07,3.5762786865234375e-07,0.9999996423721313
1.0,1.0,0.0,0.0,1.0
1.0,0.99999994,5.960464477539063e-08,5.960464477539063e-08,0.9999999403953552
1.0,1.0,0.0,0.0,1.0
1.0,1.0,0.0,0.0,1.0
1.0,1.0,0.0,0.0,1.0
0.43,0.44995385,-0.0199538540840149,0.0199538540840149,0.980046145915985
0.08,0.07506059,0.004939408898353578,0.004939408898353578,0.9950605911016465
0.29,0.31721884,-0.02721884012222292,0.02721884012222292,0.9727811598777771
1.0,1.0,0.0,0.0,1.0
1.0,0.9999999,1.1920928955078125e-07,1.1920928955078125e-07,0.9999998807907104
1.0,1.0,0.0,0.0,1.0
1.0,0.9999978,2.205371856689453e-06,2.205371856689453e-06,0.9999977946281433
0.08,0.08721844,-0.0072184410691261275,0.0072184410691261275,0.9927815589308738
0.43,0.45029914,-0.020299143791198737,0.020299143791198737,0.9797008562088012
0.49,0.49113294,-0.0011329448223114102,0.0011329448223114102,0.9988670551776886
1.0,1.0,0.0,0.0,1.0
1.0,0.99999994,5.960464477539063e-08,5.960464477539063e-08,0.9999999403953552
0.58,0.54811686,0.031883137226104696,0.031883137226104696,0.9681168627738953
1.0,1.0,0.0,0.0,1.0
0.57,0.549271,0.0207290124893188,0.0207290124893188,0.9792709875106812
1.0,1.0,0.0,0.0,1.0
0.57,0.5584631,0.011536903381347607,0.011536903381347607,0.9884630966186524
1.0,1.0,0.0,0.0,1.0
1.0,1.0,0.0,0.0,1.0
1.0,0.9999985,1.4901161193847656e-06,1.4901161193847656e-06,0.9999985098838806
1.0,0.99999994,5.960464477539063e-08,5.960464477539063e-08,0.9999999403953552
1.0,1.0,0.0,0.0,1.0
1.0,1.0,0.0,0.0,1.0
1.0,0.99999654,3.4570693969726562e-06,3.4570693969726562e-06,0.999996542930603
1.0,1.0,0.0,0.0,1.0
1.0,0.9999927,7.271766662597656e-06,7.271766662597656e-06,0.9999927282333374
1.0,0.99998957,1.043081283569336e-05,1.043081283569336e-05,0.9999895691871643
1.0,1.0,0.0,0.0,1.0
0.6,0.5777444,0.022255575656890847,0.022255575656890847,0.9777444243431092
0.76,0.72678405,0.03321594953536988,0.03321594953536988,0.9667840504646301
1.0,0.99999994,5.960464477539063e-08,5.960464477539063e-08,0.9999999403953552
1.0,1.0,0.0,0.0,1.0
1.0,1.0,0.0,0.0,1.0
0.6,0.5757437,0.024256324768066384,0.024256324768066384,0.9757436752319336
1.0,1.0,0.0,0.0,1.0
0.48,0.4755646,0.004435400962829572,0.004435400962829572,0.9955645990371704
1.0,1.0,0.0,0.0,1.0
1.0,0.9999992,7.748603820800781e-07,7.748603820800781e-07,0.9999992251396179
1.0,1.0,0.0,0.0,1.0
1.0,0.99999976,2.384185791015625e-07,2.384185791015625e-07,0.9999997615814209
1.0,1.0,0.0,0.0,1.0
1.0,1.0,0.0,0.0,1.0
1.0,1.0,0.0,0.0,1.0
0.29,0.3145867,-0.02458669900894167,0.02458669900894167,0.9754133009910584
0.58,0.5481163,0.031883673667907675,0.031883673667907675,0.9681163263320923
1.0,1.0,0.0,0.0,1.0
1.0,1.0,0.0,0.0,1.0
0.99,0.99999976,-0.009999761581420907,0.009999761581420907,0.9900002384185791
1.0,1.0,0.0,0.0,1.0
1.0,0.99999994,5.960464477539063e-08,5.960464477539063e-08,0.9999999403953552
1.0,1.0,0.0,0.0,1.0
1.0,0.9999989,1.0728836059570312e-06,1.0728836059570312e-06,0.999998927116394
0.49,0.4880987,0.001901289224624625,0.001901289224624625,0.9980987107753754
0.21,0.24619871,-0.03619871377944947,0.03619871377944947,0.9638012862205505
1.0,1.0,0.0,0.0,1.0
1.0,0.99999994,5.960464477539063e-08,5.960464477539063e-08,0.9999999403953552
1.0,0.9999999,1.1920928955078125e-07,1.1920928955078125e-07,0.9999998807907104
1.0,0.99999994,5.960464477539063e-08,5.960464477539063e-08,0.9999999403953552
0.57,0.5510324,0.018967576026916455,0.018967576026916455,0.9810324239730835
1.0,1.0,0.0,0.0,1.0
1.0,1.0,0.0,0.0,1.0
1.0,0.9999999,1.1920928955078125e-07,1.1920928955078125e-07,0.9999998807907104
1.0,1.0,0.0,0.0,1.0
0.69,0.6485947,0.04140532255172724,0.04140532255172724,0.9585946774482728
1.0,0.99999994,5.960464477539063e-08,5.960464477539063e-08,0.9999999403953552
1.0,1.0,0.0,0.0,1.0
1.0,1.0,0.0,0.0,1.0
0.29,0.31677607,-0.02677606701850893,0.02677606701850893,0.9732239329814911
0.26,0.30293033,-0.04293032526969909,0.04293032526969909,0.9570696747303009
1.0,0.99999994,5.960464477539063e-08,5.960464477539063e-08,0.9999999403953552
0.76,0.7240008,0.03599918842315675,0.03599918842315675,0.9640008115768433
0.21,0.24410985,-0.03410985410213471,0.03410985410213471,0.9658901458978653
0.76,0.7218902,0.03810978889465333,0.03810978889465333,0.9618902111053467
0.43,0.45106038,-0.02106038451194764,0.02106038451194764,0.9789396154880523
1.0,0.9999864,1.3589859008789062e-05,1.3589859008789062e-05,0.9999864101409912
1.0,1.0,0.0,0.0,1.0
1.0,1.0,0.0,0.0,1.0
1.0,1.0,0.0,0.0,1.0
1.0,0.99999994,5.960464477539063e-08,5.960464477539063e-08,0.9999999403953552
1.0,0.9999999,1.1920928955078125e-07,1.1920928955078125e-07,0.9999998807907104
0.48,0.4756926,0.004307399988174421,0.004307399988174421,0.9956926000118256
0.69,0.65056324,0.039436759948730415,0.039436759948730415,0.9605632400512696
0.11,0.14790897,-0.03790897071361542,0.03790897071361542,0.9620910292863846
0.08,0.07978228,0.00021772265434265303,0.00021772265434265303,0.9997822773456574
0.76,0.72878146,0.031218538284301767,0.031218538284301767,0.9687814617156982
0.21,0.24801071,-0.03801070988178254,0.03801070988178254,0.9619892901182174
1.0,0.9999999,1.1920928955078125e-07,1.1920928955078125e-07,0.9999998807907104
1.0,1.0,0.0,0.0,1.0
1.0,0.9999991,8.940696716308594e-07,8.940696716308594e-07,0.9999991059303284
1.0,1.0,0.0,0.0,1.0
1.0,0.99999994,5.960464477539063e-08,5.960464477539063e-08,0.9999999403953552
1.0,0.9999983,1.7285346984863281e-06,1.7285346984863281e-06,0.9999982714653015
1.0,0.9999966,3.3974647521972656e-06,3.3974647521972656e-06,0.9999966025352478
1.0,0.99999994,5.960464477539063e-08,5.960464477539063e-08,0.9999999403953552
1.0,1.0,0.0,0.0,1.0
1.0,0.9999999,1.1920928955078125e-07,1.1920928955078125e-07,0.9999998807907104
0.96,0.9999864,-0.039986410140991246,0.039986410140991246,0.9600135898590088
1.0,1.0,0.0,0.0,1.0
0.76,0.73609996,0.023900041580200204,0.023900041580200204,0.9760999584197998
